{
    "epoch": 4.988212653355785,
    "total_flos": 0.0,
    "train_loss": 0.6167177827269943,
    "train_runtime": 46107.3845,
    "train_samples": 20785,
    "train_samples_per_second": 2.254,
    "train_steps_per_second": 0.018
}