{
    "epoch": 4.988212653355785,
    "total_flos": 0.0,
    "train_loss": 0.1821861702316429,
    "train_runtime": 50378.5188,
    "train_samples": 20785,
    "train_samples_per_second": 2.063,
    "train_steps_per_second": 0.016
}