{
    "epoch": 4.988212653355785,
    "total_flos": 0.0,
    "train_loss": 0.6163623571395874,
    "train_runtime": 42027.5868,
    "train_samples": 20785,
    "train_samples_per_second": 2.473,
    "train_steps_per_second": 0.019
}