{
    "epoch": 4.988212653355785,
    "total_flos": 0.0,
    "train_loss": 0.49605111840330524,
    "train_runtime": 47697.1762,
    "train_samples": 20785,
    "train_samples_per_second": 2.179,
    "train_steps_per_second": 0.017
}