{
    "epoch": 4.988212653355785,
    "total_flos": 0.0,
    "train_loss": 0.34974544416239234,
    "train_runtime": 48899.9605,
    "train_samples": 20785,
    "train_samples_per_second": 2.125,
    "train_steps_per_second": 0.017
}