{
    "epoch": 4.988212653355785,
    "total_flos": 0.0,
    "train_loss": 0.8687757792296233,
    "train_runtime": 41814.3078,
    "train_samples": 20785,
    "train_samples_per_second": 2.485,
    "train_steps_per_second": 0.019
}