{
    "epoch": 4.988212653355785,
    "total_flos": 0.0,
    "train_loss": 0.5185342874056027,
    "train_runtime": 43403.1197,
    "train_samples": 20785,
    "train_samples_per_second": 2.394,
    "train_steps_per_second": 0.019
}