{
    "epoch": 4.988212653355785,
    "total_flos": 0.0,
    "train_loss": 0.5203659925931766,
    "train_runtime": 46515.8989,
    "train_samples": 20785,
    "train_samples_per_second": 2.234,
    "train_steps_per_second": 0.017
}