{
    "epoch": 4.988212653355785,
    "total_flos": 0.0,
    "train_loss": 0.5409416269373011,
    "train_runtime": 45309.7018,
    "train_samples": 20785,
    "train_samples_per_second": 2.294,
    "train_steps_per_second": 0.018
}