{
    "epoch": 0.997642530671157,
    "total_flos": 0.0,
    "train_loss": 0.6124563688113366,
    "train_runtime": 8409.3689,
    "train_samples": 20785,
    "train_samples_per_second": 2.472,
    "train_steps_per_second": 0.019
}