{
    "epoch": 4.988212653355785,
    "total_flos": 0.0,
    "train_loss": 0.2519402659969565,
    "train_runtime": 44563.78,
    "train_samples": 20785,
    "train_samples_per_second": 2.332,
    "train_steps_per_second": 0.018
}