{
    "epoch": 4.988212653355785,
    "total_flos": 0.0,
    "train_loss": 0.36996684589503726,
    "train_runtime": 53104.8647,
    "train_samples": 20785,
    "train_samples_per_second": 1.957,
    "train_steps_per_second": 0.015
}