{
    "epoch": 4.988212653355785,
    "total_flos": 0.0,
    "train_loss": 1.0992527511384753,
    "train_runtime": 48960.0544,
    "train_samples": 20785,
    "train_samples_per_second": 2.123,
    "train_steps_per_second": 0.017
}