{
    "epoch": 0.997642530671157,
    "total_flos": 0.0,
    "train_loss": 15.047650819943275,
    "train_runtime": 8837.1209,
    "train_samples": 20785,
    "train_samples_per_second": 2.352,
    "train_steps_per_second": 0.018
}