{
    "epoch": 4.988212653355785,
    "total_flos": 0.0,
    "train_loss": 38494936.40391754,
    "train_runtime": 44138.0488,
    "train_samples": 20785,
    "train_samples_per_second": 2.355,
    "train_steps_per_second": 0.018
}