{
    "epoch": 4.988212653355785,
    "total_flos": 0.0,
    "train_loss": 0.5183066109080373,
    "train_runtime": 45429.2117,
    "train_samples": 20785,
    "train_samples_per_second": 2.288,
    "train_steps_per_second": 0.018
}