{
    "epoch": 4.988212653355785,
    "total_flos": 0.0,
    "train_loss": 0.5982685780819551,
    "train_runtime": 53973.5207,
    "train_samples": 20785,
    "train_samples_per_second": 1.925,
    "train_steps_per_second": 0.015
}