{
    "epoch": 4.988212653355785,
    "total_flos": 0.0,
    "train_loss": 0.5179426755434201,
    "train_runtime": 44232.811,
    "train_samples": 20785,
    "train_samples_per_second": 2.35,
    "train_steps_per_second": 0.018
}