{
    "epoch": 4.988212653355785,
    "total_flos": 0.0,
    "train_loss": 3.6956802850888097,
    "train_runtime": 48756.5253,
    "train_samples": 20785,
    "train_samples_per_second": 2.132,
    "train_steps_per_second": 0.017
}