{
    "epoch": 4.988212653355785,
    "total_flos": 0.0,
    "train_loss": 0.518871988190545,
    "train_runtime": 44682.4898,
    "train_samples": 20785,
    "train_samples_per_second": 2.326,
    "train_steps_per_second": 0.018
}