{
    "epoch": 4.988212653355785,
    "total_flos": 0.0,
    "train_loss": 11.887344402737087,
    "train_runtime": 44336.9672,
    "train_samples": 20785,
    "train_samples_per_second": 2.344,
    "train_steps_per_second": 0.018
}