{
    "epoch": 4.988212653355785,
    "total_flos": 0.0,
    "train_loss": 0.6307936609527212,
    "train_runtime": 45786.893,
    "train_samples": 20785,
    "train_samples_per_second": 2.27,
    "train_steps_per_second": 0.018
}