{
    "epoch": 4.988212653355785,
    "total_flos": 0.0,
    "train_loss": 0.5139715509650148,
    "train_runtime": 49513.2952,
    "train_samples": 20785,
    "train_samples_per_second": 2.099,
    "train_steps_per_second": 0.016
}