{
    "epoch": 4.988212653355785,
    "total_flos": 0.0,
    "train_loss": 9.651881328629859,
    "train_runtime": 44650.1669,
    "train_samples": 20785,
    "train_samples_per_second": 2.328,
    "train_steps_per_second": 0.018
}