{
    "epoch": 4.988212653355785,
    "total_flos": 0.0,
    "train_loss": 0.3674330606872653,
    "train_runtime": 53535.4684,
    "train_samples": 20785,
    "train_samples_per_second": 1.941,
    "train_steps_per_second": 0.015
}