{
    "epoch": 4.988212653355785,
    "total_flos": 0.0,
    "train_loss": 0.5981798645890789,
    "train_runtime": 54735.2481,
    "train_samples": 20785,
    "train_samples_per_second": 1.899,
    "train_steps_per_second": 0.015
}