{
    "epoch": 4.988212653355785,
    "total_flos": 0.0,
    "train_loss": 0.2742875772493857,
    "train_runtime": 54165.195,
    "train_samples": 20785,
    "train_samples_per_second": 1.919,
    "train_steps_per_second": 0.015
}