{
    "epoch": 0.997642530671157,
    "total_flos": 0.0,
    "train_loss": 0.6189203159308728,
    "train_runtime": 8846.2639,
    "train_samples": 20785,
    "train_samples_per_second": 2.35,
    "train_steps_per_second": 0.018
}