{
    "epoch": 0.997642530671157,
    "total_flos": 0.0,
    "train_loss": 4.092817188780985,
    "train_runtime": 9834.1758,
    "train_samples": 20785,
    "train_samples_per_second": 2.114,
    "train_steps_per_second": 0.016
}