{
    "epoch": 4.988212653355785,
    "total_flos": 0.0,
    "train_loss": 12.170351169727466,
    "train_runtime": 44293.5094,
    "train_samples": 20785,
    "train_samples_per_second": 2.346,
    "train_steps_per_second": 0.018
}