{
    "epoch": 4.988212653355785,
    "total_flos": 0.0,
    "train_loss": 0.5313230649924573,
    "train_runtime": 42324.5149,
    "train_samples": 20785,
    "train_samples_per_second": 2.455,
    "train_steps_per_second": 0.019
}