{
    "epoch": 4.988212653355785,
    "total_flos": 0.0,
    "train_loss": 0.20649334077757817,
    "train_runtime": 48846.0274,
    "train_samples": 20785,
    "train_samples_per_second": 2.128,
    "train_steps_per_second": 0.017
}