{
    "epoch": 4.988212653355785,
    "total_flos": 0.0,
    "train_loss": 0.6309053356264844,
    "train_runtime": 47767.2254,
    "train_samples": 20785,
    "train_samples_per_second": 2.176,
    "train_steps_per_second": 0.017
}