{
    "epoch": 0.997642530671157,
    "total_flos": 0.0,
    "train_loss": 0.6575166148903929,
    "train_runtime": 10775.8004,
    "train_samples": 20785,
    "train_samples_per_second": 1.929,
    "train_steps_per_second": 0.015
}