{
    "epoch": 4.988212653355785,
    "total_flos": 0.0,
    "train_loss": 0.517208006646898,
    "train_runtime": 49642.2938,
    "train_samples": 20785,
    "train_samples_per_second": 2.093,
    "train_steps_per_second": 0.016
}