{
    "epoch": 4.988212653355785,
    "total_flos": 0.0,
    "train_loss": 0.8074012450229975,
    "train_runtime": 42472.0952,
    "train_samples": 20785,
    "train_samples_per_second": 2.447,
    "train_steps_per_second": 0.019
}