{
    "epoch": 4.988212653355785,
    "total_flos": 0.0,
    "train_loss": 1.2468079678806259,
    "train_runtime": 45859.0539,
    "train_samples": 20785,
    "train_samples_per_second": 2.266,
    "train_steps_per_second": 0.018
}