{
    "epoch": 4.988212653355785,
    "total_flos": 0.0,
    "train_loss": 0.5472142358896909,
    "train_runtime": 54209.3405,
    "train_samples": 20785,
    "train_samples_per_second": 1.917,
    "train_steps_per_second": 0.015
}