{
    "epoch": 0.997642530671157,
    "total_flos": 0.0,
    "train_loss": 0.6170301231337182,
    "train_runtime": 9528.1611,
    "train_samples": 20785,
    "train_samples_per_second": 2.181,
    "train_steps_per_second": 0.017
}