{
    "epoch": 0.997642530671157,
    "total_flos": 0.0,
    "train_loss": 0.6702600643958574,
    "train_runtime": 9716.5109,
    "train_samples": 20785,
    "train_samples_per_second": 2.139,
    "train_steps_per_second": 0.017
}