{
    "epoch": 4.988212653355785,
    "total_flos": 0.0,
    "train_loss": 0.2032147477944324,
    "train_runtime": 48368.9748,
    "train_samples": 20785,
    "train_samples_per_second": 2.149,
    "train_steps_per_second": 0.017
}