{
    "epoch": 4.988212653355785,
    "total_flos": 0.0,
    "train_loss": 0.3034093538184225,
    "train_runtime": 45999.3161,
    "train_samples": 20785,
    "train_samples_per_second": 2.259,
    "train_steps_per_second": 0.018
}