{
    "epoch": 4.988212653355785,
    "total_flos": 0.0,
    "train_loss": 0.5984001992661276,
    "train_runtime": 53949.6496,
    "train_samples": 20785,
    "train_samples_per_second": 1.926,
    "train_steps_per_second": 0.015
}