{
    "epoch": 4.988212653355785,
    "total_flos": 0.0,
    "train_loss": 0.10176304858407856,
    "train_runtime": 50130.6409,
    "train_samples": 20785,
    "train_samples_per_second": 2.073,
    "train_steps_per_second": 0.016
}