{
    "epoch": 4.988212653355785,
    "total_flos": 0.0,
    "train_loss": 0.6428861576833843,
    "train_runtime": 48672.1072,
    "train_samples": 20785,
    "train_samples_per_second": 2.135,
    "train_steps_per_second": 0.017
}