{
    "epoch": 4.988212653355785,
    "total_flos": 0.0,
    "train_loss": 0.6183908827510881,
    "train_runtime": 49462.6424,
    "train_samples": 20785,
    "train_samples_per_second": 2.101,
    "train_steps_per_second": 0.016
}