{
    "epoch": 4.988212653355785,
    "total_flos": 0.0,
    "train_loss": 0.5982645555778786,
    "train_runtime": 54908.4771,
    "train_samples": 20785,
    "train_samples_per_second": 1.893,
    "train_steps_per_second": 0.015
}