{
    "epoch": 0.997642530671157,
    "total_flos": 0.0,
    "train_loss": 0.809295407783838,
    "train_runtime": 9799.2129,
    "train_samples": 20785,
    "train_samples_per_second": 2.121,
    "train_steps_per_second": 0.017
}