{
    "epoch": 4.988212653355785,
    "total_flos": 0.0,
    "train_loss": 0.18037963062984708,
    "train_runtime": 45067.4019,
    "train_samples": 20785,
    "train_samples_per_second": 2.306,
    "train_steps_per_second": 0.018
}