{
    "epoch": 4.988212653355785,
    "total_flos": 0.0,
    "train_loss": 0.49689909764278084,
    "train_runtime": 48075.3736,
    "train_samples": 20785,
    "train_samples_per_second": 2.162,
    "train_steps_per_second": 0.017
}