{
    "epoch": 0.997642530671157,
    "total_flos": 0.0,
    "train_loss": 0.69140625,
    "train_runtime": 9207.4833,
    "train_samples": 20785,
    "train_samples_per_second": 2.257,
    "train_steps_per_second": 0.018
}