{
    "epoch": 4.988212653355785,
    "total_flos": 0.0,
    "train_loss": 1.282000575830907,
    "train_runtime": 44401.002,
    "train_samples": 20785,
    "train_samples_per_second": 2.341,
    "train_steps_per_second": 0.018
}